<?xml version="1.0" encoding="UTF-8"?>
<Torneo_de_Tenis>
    <Nombre_torneo>
    Rolan Garros
    </Nombre_torneo>

    <Fecha_Inicio>
    24/2/2041
    </Fecha_Inicio>

    <Fecha_Fin>
    12/3/2041
    </Fecha_Fin>
    
    <Partido_1<>
        <Fecha_1>24/2/2041</Fecha_1>
        <Jugador_1>
            <Nombre>Martin</Nombre>
            <DNI>12355449-W</DNI>
            <Fecha_de_Nacimiento>1/2/2021</Fecha_de_Nacimiento>
        </Jugador_1>
        <Jugador_2>
            <Nombre>Curry</Nombre>
            <DNI>12352449-W</DNI>
            <Fecha_de_Nacimiento>2/2/2021</Fecha_de_Nacimiento>
        </Jugador_2>
        <Resultado_Sets>
            <Primer_Set>Jugador_1= 6 Jugador_2= 4</Primer_Set>
            <Segundo_Set>Jugador_1= 6 Jugador_2= 2</Segundo_Set>
            <Tercer_Set>Jugador_1= 1 Jugador_2= 6</Tercer_Set>
        </Resultado_Sets>

    </Partido_1>

    <Partido_2>
        <Fecha_2>25/2/2041</Fecha_2>
        <Jugador_1>
            <Nombre>Jimy</Nombre>
            <DNI>12355149-W</DNI>
            <Fecha_de_Nacimiento>5/2/2021</Fecha_de_Nacimiento>
        </Jugador_1>
        <Jugador_2>
            <Nombre>Lebron</Nombre>
            <DNI>19352449-W</DNI>
            <Fecha_de_Nacimiento>7/2/2021</Fecha_de_Nacimiento>
        </Jugador_2>
        <Resultado_Sets>
            <Primer_Set>Jugador_1= 6 Jugador_2= 4</Primer_Set>
            <Segundo_Set>Jugador_1= 1 Jugador_2= 6</Segundo_Set>
            <Tercer_Set>Jugador_1= 2 Jugador_2= 6</Tercer_Set>
        </Resultado_Sets>

    </Partido_2>

    <Partido_3>
        <Fecha_3>26/2/2041</Fecha_3>
        <Jugador_1>
            <Nombre>Sparrow</Nombre>
            <DNI>12355449-W</DNI>
            <Fecha_de_Nacimiento>1/2/2021</Fecha_de_Nacimiento>
        </Jugador_1>
        <Jugador_2>
            <Nombre>Tarner</Nombre>
            <DNI>12362449-W</DNI>
            <Fecha_de_Nacimiento>21/2/2021</Fecha_de_Nacimiento>
        </Jugador_1>
        <Resultado_Sets>
            <Primer_Set>Jugador_1= 5 Jugador_2= 7</Primer_Set>
            <Segundo_Set>Jugador_1= 6 Jugador_2= 2</Segundo_Set>
            <Tercer_Set>Jugador_1= 4 Jugador_2= 6</Tercer_Set>
        </Resultado_Sets>

    </Partido_3>

    <Partido_4>
        <Fecha_4>27/2/2041</Fecha_4>
        <Jugador_1>
            <Nombre>Mamerto</Nombre>
            <DNI>12355419-W</DNI>
            <Fecha_de_Nacimiento>16/2/2021</Fecha_de_Nacimiento>
        </Jugador_1>
        <Jugador_2>
            <Nombre>Elisabeth</Nombre>
            <DNI>19352449-W</DNI>
            <Fecha_de_Nacimiento>28/2/2021</Fecha_de_Nacimiento>
        </Jugador_1>
        <Resultado_Sets>
            <Primer_Set>Jugador_1= 5 Jugador_2= 7</Primer_Set>
            <Segundo_Set>Jugador_1= 6 Jugador_2= 2</Segundo_Set>
            <Tercer_Set>Jugador_1= 0 Jugador_2= 6</Tercer_Set>
        </Resultado_Sets>


    </Partido_4>

    <Partido_5>
        <Fecha_5>28/2/2041</Fecha_5>
        <Jugador_1>
            <Nombre>Pupu</Nombre>
            <DNI>12355479-W</DNI>
            <Fecha_de_Nacimiento>12/2/2022</Fecha_de_Nacimiento>
        </Jugador_1>
        <Jugador_2>
            <Nombre>Lala</Nombre>
            <DNI>12352049-W</DNI>
            <Fecha_de_Nacimiento>13/2/2023</Fecha_de_Nacimiento>
        </Jugador_1>
        <Resultado_Sets>
            <Primer_Set>Jugador_1= 6 Jugador_2= 7</Primer_Set>
            <Segundo_Set>Jugador_1= 4 Jugador_2= 6</Segundo_Set>
            <Tercer_Set>Jugador_1= 6 Jugador_2= 1</Tercer_Set>
        </Resultado_Sets>


    </Partido_5>

    <Partido_6>
        <Fecha_6>1/3/2041</Fecha_6>
        <Jugador_1>
            <Nombre>Mery</Nombre>
            <DNI>92355449-W</DNI>
            <Fecha_de_Nacimiento>16/2/2021</Fecha_de_Nacimiento>
        </Jugador_1>
        <Jugador_2>
            <Nombre>Florentino</Nombre>
            <DNI>12552449-W</DNI>
            <Fecha_de_Nacimiento>21/11/2021</Fecha_de_Nacimiento>
        </Jugador_1>
        <Resultado_Sets>
            <Primer_Set>Jugador_1= 6 Jugador_2= 4</Primer_Set>
            <Segundo_Set>Jugador_1= 1 Jugador_2= 6</Segundo_Set>
            <Tercer_Set>Jugador_1= 1 Jugador_2= 6</Tercer_Set>
        </Resultado_Sets>


    </Partido_6>

    <Partido_7>
        <Fecha_7>2/3/2041</Fecha_7>
        <Jugador_1>
            <Nombre>Lola</Nombre>
            <DNI>12855449-A</DNI>
            <Fecha_de_Nacimiento>12/9/2024</Fecha_de_Nacimiento>
        </Jugador_1>
        <Jugador_2>
            <Nombre>Mercedes</Nombre>
            <DNI>12351449-W</DNI>
            <Fecha_de_Nacimiento>24/1/2021</Fecha_de_Nacimiento>
        </Jugador_1>
        <Resultado_Sets>
            <Primer_Set>Jugador_1= 6 Jugador_2= 4</Primer_Set>
            <Segundo_Set>Jugador_1= 6 Jugador_2= 2</Segundo_Set>
            <Tercer_Set>Jugador_1= 1 Jugador_2= 6</Tercer_Set>
        </Resultado_Sets>


    </Partido_7>

    <Partido_8>
        <Fecha_8>3/3/2041</Fecha_8>
        <Jugador_1>
            <Nombre>Jeronimo</Nombre>
            <DNI>12355449-H</DNI>
            <Fecha_de_Nacimiento>1/2/2021</Fecha_de_Nacimiento>
        </Jugador_1>
        <Jugador_2>
            <Nombre>Pablo</Nombre>
            <DNI>12352442-W</DNI>
            <Fecha_de_Nacimiento>2/2/2021</Fecha_de_Nacimiento>
        </Jugador_1>
        <Resultado_Sets>
            <Primer_Set>Jugador_1= 3 Jugador_2= 6</Primer_Set>
            <Segundo_Set>Jugador_1= 6 Jugador_2= 2</Segundo_Set>
            <Tercer_Set>Jugador_1= 5 Jugador_2= 7</Tercer_Set>
        </Resultado_Sets>


    </Partido_8>

    <Partido_9>
        <Fecha_9>11/3/2041</Fecha_9>
        <Jugador_1>
            <Nombre>Molly</Nombre>
            <DNI>12355449-F</DNI>
            <Fecha_de_Nacimiento>11/2/2020</Fecha_de_Nacimiento>
        </Jugador_1>
        <Jugador_2>
            <Nombre>Keli</Nombre>
            <DNI>12352449-W</DNI>
            <Fecha_de_Nacimiento>23/3/2023</Fecha_de_Nacimiento>
        </Jugador_1>
        <Resultado_Sets>
            <Primer_Set>Jugador_1= 3 Jugador_2= 6</Primer_Set>
            <Segundo_Set>Jugador_1= 6 Jugador_2= 0</Segundo_Set>
            <Tercer_Set>Jugador_1= 1 Jugador_2= 6</Tercer_Set>
        </Resultado_Sets>


    </Partido_9>

    <Partido_10>
        <Fecha_10>12/3/2041</Fecha_10>
        <Jugador_1>
            <Nombre>Harry</Nombre>
            <DNI>12355477-M</DNI>
            <Fecha_de_Nacimiento>30/11/2003</Fecha_de_Nacimiento>
        </Jugador_1>
        <Jugador_2>
            <Nombre>Curry</Nombre>
            <DNI>12352449-T</DNI>
            <Fecha_de_Nacimiento>22/2/2022</Fecha_de_Nacimiento>
        </Jugador_1>
        <Resultado_Sets>
            <Primer_Set>Jugador_1= 6 Jugador_2= 4</Primer_Set>
            <Segundo_Set>Jugador_1= 6 Jugador_2= 2</Segundo_Set>
            <Tercer_Set>Jugador_1= 1 Jugador_2= 6</Tercer_Set>
        </Resultado_Sets>


    </Partido_10>
</Torneo_de_Tenis>