<Directorio_de_direcciones>
    <Empresa>
        <Edificio_1>
            <Dirección>Federico García Lorca Nº29</Dirección>
            <Número_de_Plantas>3</Número_de_Plantas>
                <Planta_1>
                    <Empleado_1>
                        <Puesto>Junior</Puesto>
                        <Datos_Personales>
                            <DNI>43178539-E</DNI>
                            <Fecha_de_Nacimiento>31/3/2000</Fecha_de_Nacimiento>
                            <Teléfono>642278223</Teléfono>
                        </Datos_Personales>
                        <Extensión_telefónica>123456</Extensión_telefónica>
                    </Empleado_1>
                    
                    <Empleado_2>
                        <Puesto>Senior</Puesto>
                        <Datos_Personales>
                            <DNI>43278539-E</DNI>
                            <Fecha_de_Nacimiento>21/3/2001</Fecha_de_Nacimiento>
                            <Teléfono>653278223</Teléfono>
                        </Datos_Personales>
                        <Extensión_telefónica>124456</Extensión_telefónica>
                    </Empleado_2>

                    <Empleado_3>
                        <Puesto>Junior</Puesto>
                        <Datos_Personales>
                            <DNI>83177539-F</DNI>
                            <Fecha_de_Nacimiento>4/6/2000</Fecha_de_Nacimiento>
                            <Teléfono>642277723</Teléfono>
                        </Datos_Personales>
                        <Extensión_telefónica>983456</Extensión_telefónica>
                    </Empleado_3>

                    <Empleado_4>
                        <Puesto>Senior</Puesto>
                        <Datos_Personales>
                            <DNI>43190539-E</DNI>
                            <Fecha_de_Nacimiento>6/10/2010</Fecha_de_Nacimiento>
                            <Teléfono>642288623</Teléfono>
                        </Datos_Personales>
                        <Extensión_telefónica>429956</Extensión_telefónica>
                    </Empleado_4>

                    <Empleado_5>
                        <Puesto>Junior</Puesto>
                        <Datos_Personales>
                            <DNI>73478139-W</DNI>
                            <Fecha_de_Nacimiento>31/3/2000</Fecha_de_Nacimiento>
                            <Teléfono>642278223</Teléfono>
                        </Datos_Personales>
                        <Extensión_telefónica>999456</Extensión_telefónica>
                    </Empleado_5>
                </Planta_1>

                <Planta_2>
                    <Empleado_1>
                        <Puesto>Junior</Puesto>
                        <Datos_Personales>
                            <DNI>53178539-E</DNI>
                            <Fecha_de_Nacimiento>1/3/2011</Fecha_de_Nacimiento>
                            <Teléfono>732478223</Teléfono>
                        </Datos_Personales>
                        <Extensión_telefónica>8456</Extensión_telefónica>
                    </Empleado_1>
                    
                    <Empleado_2>
                        <Puesto>Senior</Puesto>
                        <Datos_Personales>
                            <DNI>00278539-E</DNI>
                            <Fecha_de_Nacimiento>31/11/2001</Fecha_de_Nacimiento>
                            <Teléfono>993278223</Teléfono>
                        </Datos_Personales>
                        <Extensión_telefónica>456</Extensión_telefónica>
                    </Empleado_2>

                    <Empleado_3>
                        <Puesto>Junior</Puesto>
                        <Datos_Personales>
                            <DNI>89777539-F</DNI>
                            <Fecha_de_Nacimiento>7/6/2000</Fecha_de_Nacimiento>
                            <Teléfono>640277723</Teléfono>
                        </Datos_Personales>
                        <Extensión_telefónica>980456</Extensión_telefónica>
                    </Empleado_3>

                    <Empleado_4>
                        <Puesto>Senior</Puesto>
                        <Datos_Personales>
                            <DNI>53190539-W</DNI>
                            <Fecha_de_Nacimiento>10/10/2010</Fecha_de_Nacimiento>
                            <Teléfono>842288623</Teléfono>
                        </Datos_Personales>
                        <Extensión_telefónica>29956</Extensión_telefónica>
                    </Empleado_4>

                    <Empleado_5>
                        <Puesto>Junior</Puesto>
                        <Datos_Personales>
                            <DNI>13478139-R</DNI>
                            <Fecha_de_Nacimiento>1/7/2000</Fecha_de_Nacimiento>
                            <Teléfono>542278223</Teléfono>
                        </Datos_Personales>
                        <Extensión_telefónica>560</Extensión_telefónica>
                    </Empleado_5>
                </Planta_2>

                <Planta_3>
                    <Empleado_1>
                        <Puesto>Junior</Puesto>
                        <Datos_Personales>
                            <DNI>83178539-H</DNI>
                            <Fecha_de_Nacimiento>3/2/2000</Fecha_de_Nacimiento>
                            <Teléfono>657278223</Teléfono>
                        </Datos_Personales>
                        <Extensión_telefónica>043056</Extensión_telefónica>
                    </Empleado_1>
                    
                    <Empleado_2>
                        <Puesto>Senior</Puesto>
                        <Datos_Personales>
                            <DNI>90278539-E</DNI>
                            <Fecha_de_Nacimiento>1/4/2013</Fecha_de_Nacimiento>
                            <Teléfono>609278223</Teléfono>
                        </Datos_Personales>
                        <Extensión_telefónica>124056</Extensión_telefónica>
                    </Empleado_2>

                    <Empleado_3>
                        <Puesto>Junior</Puesto>
                        <Datos_Personales>
                            <DNI>93177539-W</DNI>
                            <Fecha_de_Nacimiento>10/6/2000</Fecha_de_Nacimiento>
                            <Teléfono>676277723</Teléfono>
                        </Datos_Personales>
                        <Extensión_telefónica>03456</Extensión_telefónica>
                    </Empleado_3>

                    <Empleado_4>
                        <Puesto>Senior</Puesto>
                        <Datos_Personales>
                            <DNI>01190539-E</DNI>
                            <Fecha_de_Nacimiento>11/10/2010</Fecha_de_Nacimiento>
                            <Teléfono>942288623</Teléfono>
                        </Datos_Personales>
                        <Extensión_telefónica>119956</Extensión_telefónica>
                    </Empleado_4>

                    <Empleado_5>
                        <Puesto>Junior</Puesto>
                        <Datos_Personales>
                            <DNI>85478139-W</DNI>
                            <Fecha_de_Nacimiento>21/9/2000</Fecha_de_Nacimiento>
                            <Teléfono>677278223</Teléfono>
                        </Datos_Personales>
                        <Extensión_telefónica>999126</Extensión_telefónica>
                    </Empleado_5>
                </Planta_3>
        </Edificio_1>

        <Edificio_2>
            <Dirección>Federico García Lorca Nº30</Dirección>
            <Número_de_Plantas>3</Número_de_Plantas>
                <Planta_1>
                    <Empleado_1>
                        <Puesto>Junior</Puesto>
                        <Datos_Personales>
                            <DNI>73178009-E</DNI>
                            <Fecha_de_Nacimiento>15/1/2000</Fecha_de_Nacimiento>
                            <Teléfono>632462467</Teléfono>
                        </Datos_Personales>
                        <Extensión_telefónica>0751</Extensión_telefónica>
                    </Empleado_1>
                    
                    <Empleado_2>
                        <Puesto>Senior</Puesto>
                        <Datos_Personales>
                            <DNI>09278539-A</DNI>
                            <Fecha_de_Nacimiento>1/4/2001</Fecha_de_Nacimiento>
                            <Teléfono>953179223</Teléfono>
                        </Datos_Personales>
                        <Extensión_telefónica>434456</Extensión_telefónica>
                    </Empleado_2>

                    <Empleado_3>
                        <Puesto>Junior</Puesto>
                        <Datos_Personales>
                            <DNI>83177539-L</DNI>
                            <Fecha_de_Nacimiento>1/6/2000</Fecha_de_Nacimiento>
                            <Teléfono>102277723</Teléfono>
                        </Datos_Personales>
                        <Extensión_telefónica>003456</Extensión_telefónica>
                    </Empleado_3>

                    <Empleado_4>
                        <Puesto>Senior</Puesto>
                        <Datos_Personales>
                            <DNI>43190539-Q</DNI>
                            <Fecha_de_Nacimiento>1/10/2010</Fecha_de_Nacimiento>
                            <Teléfono>942218523</Teléfono>
                        </Datos_Personales>
                        <Extensión_telefónica>40956</Extensión_telefónica>
                    </Empleado_4>

                    <Empleado_5>
                        <Puesto>Junior</Puesto>
                        <Datos_Personales>
                            <DNI>13478139-Z</DNI>
                            <Fecha_de_Nacimiento>11/8/2000</Fecha_de_Nacimiento>
                            <Teléfono>142278223</Teléfono>
                        </Datos_Personales>
                        <Extensión_telefónica>9456</Extensión_telefónica>
                    </Empleado_5>
                </Planta_1>

                <Planta_2>
                    <Empleado_1>
                        <Puesto>Junior</Puesto>
                        <Datos_Personales>
                            <DNI>43178539-M</DNI>
                            <Fecha_de_Nacimiento>21/3/2000</Fecha_de_Nacimiento>
                            <Teléfono>688278223</Teléfono>
                        </Datos_Personales>
                        <Extensión_telefónica>096</Extensión_telefónica>
                    </Empleado_1>
                    
                    <Empleado_2>
                        <Puesto>Senior</Puesto>
                        <Datos_Personales>
                            <DNI>093278539-E</DNI>
                            <Fecha_de_Nacimiento>17/3/2001</Fecha_de_Nacimiento>
                            <Teléfono>955255223</Teléfono>
                        </Datos_Personales>
                        <Extensión_telefónica>4006</Extensión_telefónica>
                    </Empleado_2>

                    <Empleado_3>
                        <Puesto>Junior</Puesto>
                        <Datos_Personales>
                            <DNI>83177539-S</DNI>
                            <Fecha_de_Nacimiento>4/6/2000</Fecha_de_Nacimiento>
                            <Teléfono>992277723</Teléfono>
                        </Datos_Personales>
                        <Extensión_telefónica>301456</Extensión_telefónica>
                    </Empleado_3>

                    <Empleado_4>
                        <Puesto>Senior</Puesto>
                        <Datos_Personales>
                            <DNI>03190539-T</DNI>
                            <Fecha_de_Nacimiento>6/10/2010</Fecha_de_Nacimiento>
                            <Teléfono>600288623</Teléfono>
                        </Datos_Personales>
                        <Extensión_telefónica>13556</Extensión_telefónica>
                    </Empleado_4>

                    <Empleado_5>
                        <Puesto>Junior</Puesto>
                        <Datos_Personales>
                            <DNI>712378139-W</DNI>
                            <Fecha_de_Nacimiento>1/3/2000</Fecha_de_Nacimiento>
                            <Teléfono>64255523</Teléfono>
                        </Datos_Personales>
                        <Extensión_telefónica>000156</Extensión_telefónica>
                    </Empleado_5>
                </Planta_2>

                <Planta_3>
                    <Empleado_1>
                        <Puesto>Junior</Puesto>
                        <Datos_Personales>
                            <DNI>00178539-E</DNI>
                            <Fecha_de_Nacimiento>3/3/2000</Fecha_de_Nacimiento>
                            <Teléfono>641478223</Teléfono>
                        </Datos_Personales>
                        <Extensión_telefónica>0543456</Extensión_telefónica>
                    </Empleado_1>
                    
                    <Empleado_2>
                        <Puesto>Senior</Puesto>
                        <Datos_Personales>
                            <DNI>434678539-E</DNI>
                            <Fecha_de_Nacimiento>21/3/2001</Fecha_de_Nacimiento>
                            <Teléfono>658878223</Teléfono>
                        </Datos_Personales>
                        <Extensión_telefónica>199050</Extensión_telefónica>
                    </Empleado_2>

                    <Empleado_3>
                        <Puesto>Junior</Puesto>
                        <Datos_Personales>
                            <DNI>83177539-P</DNI>
                            <Fecha_de_Nacimiento>4/6/2000</Fecha_de_Nacimiento>
                            <Teléfono>699977723</Teléfono>
                        </Datos_Personales>
                        <Extensión_telefónica>48006</Extensión_telefónica>
                    </Empleado_3>

                    <Empleado_4>
                        <Puesto>Senior</Puesto>
                        <Datos_Personales>
                            <DNI>63153989-E</DNI>
                            <Fecha_de_Nacimiento>6/10/2010</Fecha_de_Nacimiento>
                            <Teléfono>98788623</Teléfono>
                        </Datos_Personales>
                        <Extensión_telefónica>991236</Extensión_telefónica>
                    </Empleado_4>

                    <Empleado_5>
                        <Puesto>Junior</Puesto>
                        <Datos_Personales>
                            <DNI>73478139-Ñ</DNI>
                            <Fecha_de_Nacimiento>31/3/2000</Fecha_de_Nacimiento>
                            <Teléfono>122278223</Teléfono>
                        </Datos_Personales>
                        <Extensión_telefónica>09456</Extensión_telefónica>
                    </Empleado_5>
                </Planta_3>
        </Edificio_2>

        <Edificio_3>
            <Dirección>Federico García Lorca Nº31</Dirección>
            <Número_de_Plantas>3</Número_de_Plantas>
                <Planta_1>
                    <Empleado_1>
                        <Puesto>Junior</Puesto>
                        <Datos_Personales>
                            <DNI>43178530-Y</DNI>
                            <Fecha_de_Nacimiento>31/3/2000</Fecha_de_Nacimiento>
                            <Teléfono>642278201</Teléfono>
                        </Datos_Personales>
                        <Extensión_telefónica>108456</Extensión_telefónica>
                    </Empleado_1>
                    
                    <Empleado_2>
                        <Puesto>Senior</Puesto>
                        <Datos_Personales>
                            <DNI>03278939-E</DNI>
                            <Fecha_de_Nacimiento>21/3/2001</Fecha_de_Nacimiento>
                            <Teléfono>753678223</Teléfono>
                        </Datos_Personales>
                        <Extensión_telefónica>404406</Extensión_telefónica>
                    </Empleado_2>

                    <Empleado_3>
                        <Puesto>Junior</Puesto>
                        <Datos_Personales>
                            <DNI>03670539-F</DNI>
                            <Fecha_de_Nacimiento>4/6/2000</Fecha_de_Nacimiento>
                            <Teléfono>642200723</Teléfono>
                        </Datos_Personales>
                        <Extensión_telefónica>020996</Extensión_telefónica>
                    </Empleado_3>

                    <Empleado_4>
                        <Puesto>Senior</Puesto>
                        <Datos_Personales>
                            <DNI>90190339-Q</DNI>
                            <Fecha_de_Nacimiento>6/10/2010</Fecha_de_Nacimiento>
                            <Teléfono>542688623</Teléfono>
                        </Datos_Personales>
                        <Extensión_telefónica>42776</Extensión_telefónica>
                    </Empleado_4>

                    <Empleado_5>
                        <Puesto>Junior</Puesto>
                        <Datos_Personales>
                            <DNI>73478139-K</DNI>
                            <Fecha_de_Nacimiento>31/3/2000</Fecha_de_Nacimiento>
                            <Teléfono>642270293</Teléfono>
                        </Datos_Personales>
                        <Extensión_telefónica>119456</Extensión_telefónica>
                    </Empleado_5>
                </Planta_1>

                <Planta_2>
                    <Empleado_1>
                        <Puesto>Junior</Puesto>
                        <Datos_Personales>
                            <DNI>43478039-E</DNI>
                            <Fecha_de_Nacimiento>31/3/2000</Fecha_de_Nacimiento>
                            <Teléfono>942378223</Teléfono>
                        </Datos_Personales>
                        <Extensión_telefónica>993406</Extensión_telefónica>
                    </Empleado_1>
                    
                    <Empleado_2>
                        <Puesto>Senior</Puesto>
                        <Datos_Personales>
                            <DNI>65278539-E</DNI>
                            <Fecha_de_Nacimiento>21/3/2001</Fecha_de_Nacimiento>
                            <Teléfono>355278223</Teléfono>
                        </Datos_Personales>
                        <Extensión_telefónica>333457</Extensión_telefónica>
                    </Empleado_2>

                    <Empleado_3>
                        <Puesto>Junior</Puesto>
                        <Datos_Personales>
                            <DNI>08177539-Z</DNI>
                            <Fecha_de_Nacimiento>4/6/2000</Fecha_de_Nacimiento>
                            <Teléfono>90277123</Teléfono>
                        </Datos_Personales>
                        <Extensión_telefónica>100256</Extensión_telefónica>
                    </Empleado_3>

                    <Empleado_4>
                        <Puesto>Senior</Puesto>
                        <Datos_Personales>
                            <DNI>53190539-M</DNI>
                            <Fecha_de_Nacimiento>6/4/2010</Fecha_de_Nacimiento>
                            <Teléfono>662280623</Teléfono>
                        </Datos_Personales>
                        <Extensión_telefónica>029956</Extensión_telefónica>
                    </Empleado_4>

                    <Empleado_5>
                        <Puesto>Junior</Puesto>
                        <Datos_Personales>
                            <DNI>03478159-Ñ</DNI>
                            <Fecha_de_Nacimiento>31/12/2000</Fecha_de_Nacimiento>
                            <Teléfono>772278223</Teléfono>
                        </Datos_Personales>
                        <Extensión_telefónica>99456</Extensión_telefónica>
                    </Empleado_5>
                </Planta_2>

                <Planta_3>
                    <Empleado_1>
                        <Puesto>Junior</Puesto>
                        <Datos_Personales>
                            <DNI>40008539-E</DNI>
                            <Fecha_de_Nacimiento>31/1/2000</Fecha_de_Nacimiento>
                            <Teléfono>648208223</Teléfono>
                        </Datos_Personales>
                        <Extensión_telefónica>134001</Extensión_telefónica>
                    </Empleado_1>
                    
                    <Empleado_2>
                        <Puesto>Senior</Puesto>
                        <Datos_Personales>
                            <DNI>27853900-E</DNI>
                            <Fecha_de_Nacimiento>21/9/2001</Fecha_de_Nacimiento>
                            <Teléfono>650078223</Teléfono>
                        </Datos_Personales>
                        <Extensión_telefónica>924416</Extensión_telefónica>
                    </Empleado_2>

                    <Empleado_3>
                        <Puesto>Junior</Puesto>
                        <Datos_Personales>
                            <DNI>77177539-W</DNI>
                            <Fecha_de_Nacimiento>4/2/2000</Fecha_de_Nacimiento>
                            <Teléfono>600277723</Teléfono>
                        </Datos_Personales>
                        <Extensión_telefónica>923451</Extensión_telefónica>
                    </Empleado_3>

                    <Empleado_4>
                        <Puesto>Senior</Puesto>
                        <Datos_Personales>
                            <DNI>98190539-J</DNI>
                            <Fecha_de_Nacimiento>6/10/2010</Fecha_de_Nacimiento>
                            <Teléfono>542208623</Teléfono>
                        </Datos_Personales>
                        <Extensión_telefónica>429957</Extensión_telefónica>
                    </Empleado_4>

                    <Empleado_5>
                        <Puesto>Junior</Puesto>
                        <Datos_Personales>
                            <DNI>83473139-S</DNI>
                            <Fecha_de_Nacimiento>31/4/2000</Fecha_de_Nacimiento>
                            <Teléfono>742378223</Teléfono>
                        </Datos_Personales>
                        <Extensión_telefónica>97439</Extensión_telefónica>
                    </Empleado_5>
                </Planta_3>
        </Edificio_3>

    </Empresa>
</Directorio_de_direcciones>